date,value
1871-01-01,0.05855855855855856
1871-02-01,0.05777777777777778
1871-03-01,0.05639913232104121
1871-04-01,0.05485232067510548
1871-05-01,0.053497942386831275
1871-06-01,0.05394190871369294
1871-07-01,0.05496828752642706
1871-08-01,0.054279749478079335
1871-09-01,0.05371900826446281
1871-10-01,0.056644880174291944
1871-11-01,0.0560344827586207
1871-12-01,0.05485232067510548
1872-01-01,0.053497942386831275
1872-02-01,0.05532786885245902
1872-03-01,0.053571428571428575
1872-04-01,0.05212355212355213
1872-05-01,0.054054054054054064
1872-06-01,0.05458089668615985
1872-07-01,0.05490196078431373
1872-08-01,0.057539682539682536
1872-09-01,0.05858585858585858
1872-10-01,0.05835010060362173
1872-11-01,0.0606060606060606
1872-12-01,0.05917159763313609
1873-01-01,0.05870841487279843
1873-02-01,0.060194174757281546
1873-03-01,0.060665362035225046
1873-04-01,0.061507936507936505
1873-05-01,0.061386138613861385
1873-06-01,0.0642570281124498
1873-07-01,0.06438631790744467
1873-08-01,0.06438631790744467
1873-09-01,0.06971677559912855
1873-10-01,0.07875894988066826
1873-11-01,0.08168316831683169
1873-12-01,0.0746606334841629
1874-01-01,0.07081545064377683
1874-02-01,0.06875
1874-03-01,0.06976744186046512
1874-04-01,0.07173913043478261
1874-05-01,0.07366071428571429
1874-06-01,0.07399103139013453
1874-07-01,0.07399103139013453
1874-08-01,0.0738255033557047
1874-09-01,0.07268722466960353
1874-10-01,0.0728476821192053
1874-11-01,0.07221006564551422
1874-12-01,0.07268722466960353
1875-01-01,0.07268722466960353
1875-02-01,0.0728476821192053
1875-03-01,0.06971677559912855
1875-04-01,0.06881720430107527
1875-05-01,0.07158836689038033
1875-06-01,0.07305936073059362
1875-07-01,0.07061503416856492
1875-08-01,0.07029478458049887
1875-09-01,0.07093821510297482
1875-10-01,0.07209302325581396
1875-11-01,0.06864988558352403
1875-12-01,0.06864988558352403
1876-01-01,0.06726457399103139
1876-02-01,0.06637168141592921
1876-03-01,0.06651884700665188
1876-04-01,0.06912442396313365
1876-05-01,0.07177033492822966
1876-06-01,0.07228915662650602
1876-07-01,0.07317073170731708
1876-08-01,0.07633587786259541
1876-09-01,0.08130081300813008
1876-10-01,0.08174386920980926
1876-11-01,0.08333333333333333
1876-12-01,0.08379888268156424
1877-01-01,0.08169014084507042
1877-02-01,0.08383233532934133
1877-03-01,0.08517350157728708
1877-04-01,0.08843537414965986
1877-05-01,0.08503401360544217
1877-06-01,0.09157509157509157
1877-07-01,0.08421052631578947
1877-08-01,0.07540983606557378
1877-09-01,0.06790123456790123
1877-10-01,0.0634441087613293
1877-11-01,0.06134969325153375
1877-12-01,0.05846153846153846
1878-01-01,0.05846153846153846
1878-02-01,0.059748427672955975
1878-03-01,0.05864197530864197
1878-04-01,0.057057057057057055
1878-05-01,0.056886227544910184
1878-06-01,0.05571847507331378
1878-07-01,0.05172413793103448
1878-08-01,0.05217391304347826
1878-09-01,0.05113636363636363
1878-10-01,0.05172413793103448
1878-11-01,0.05187319884726224
1878-12-01,0.05217391304347826
1879-01-01,0.05027932960893854
1879-02-01,0.04851752021563342
1879-03-01,0.052054794520547946
1879-04-01,0.050397877984084884
1879-05-01,0.048223350253807105
1879-06-01,0.04797979797979798
1879-07-01,0.04702970297029703
1879-08-01,0.04668304668304668
1879-09-01,0.047393364928909956
1879-10-01,0.04273504273504274
1879-11-01,0.040567951318458424
1879-12-01,0.04065040650406505
1880-01-01,0.0410958904109589
1880-02-01,0.04038461538461538
1880-03-01,0.041509433962264156
1880-04-01,0.042471042471042476
1880-05-01,0.04821802935010483
1880-06-01,0.048016701461377875
1880-07-01,0.04790419161676647
1880-08-01,0.046242774566473986
1880-09-01,0.04826254826254826
1880-10-01,0.04690431519699812
1880-11-01,0.0463458110516934
1880-12-01,0.044520547945205484
1881-01-01,0.04361873990306947
1881-02-01,0.04376012965964344
1881-03-01,0.04487179487179487
1881-04-01,0.045016077170418015
1881-05-01,0.04461538461538461
1881-06-01,0.044072948328267476
1881-07-01,0.047244094488188976
1881-08-01,0.04838709677419355
1881-09-01,0.0496
1881-10-01,0.050406504065040644
1881-11-01,0.05169628432956381
1881-12-01,0.05324459234608985
1882-01-01,0.05405405405405406
1882-02-01,0.055267702936096716
1882-03-01,0.05536332179930796
1882-04-01,0.05536332179930796
1882-05-01,0.05604203152364273
1882-06-01,0.056338028169014086
1882-07-01,0.05333333333333334
1882-08-01,0.05177993527508091
1882-09-01,0.05128205128205128
1882-10-01,0.05271828665568369
1882-11-01,0.055077452667814115
1882-12-01,0.05479452054794521
1883-01-01,0.055077452667814115
1883-02-01,0.056338028169014086
1883-03-01,0.05565217391304348
1883-04-01,0.054514480408858604
1883-05-01,0.05545927209705373
1883-06-01,0.05670103092783505
1883-07-01,0.05759162303664921
1883-08-01,0.06032906764168191
1883-09-01,0.059674502712477394
1883-10-01,0.06133828996282528
1883-11-01,0.06043956043956044
1883-12-01,0.06179775280898877
1884-01-01,0.06370656370656372
1884-02-01,0.06203007518796992
1884-03-01,0.06226415094339623
1884-04-01,0.0632411067193676
1884-05-01,0.06881720430107527
1884-06-01,0.07174887892376682
1884-07-01,0.07174887892376682
1884-08-01,0.06751054852320675
1884-09-01,0.06971677559912855
1884-10-01,0.06981981981981981
1884-11-01,0.07126436781609195
1884-12-01,0.07142857142857142
1885-01-01,0.07075471698113207
1885-02-01,0.06864988558352403
1885-03-01,0.06621004566210045
1885-04-01,0.06636155606407322
1885-05-01,0.06481481481481481
1885-06-01,0.06511627906976745
1885-07-01,0.06053811659192825
1885-08-01,0.055201698513800426
1885-09-01,0.05591397849462365
1885-10-01,0.0508130081300813
1885-11-01,0.047709923664122134
1885-12-01,0.04615384615384615
1886-01-01,0.04615384615384615
1886-02-01,0.045283018867924525
1886-03-01,0.046242774566473986
1886-04-01,0.044921875
1886-05-01,0.04581673306772909
1886-06-01,0.04380952380952381
1886-07-01,0.043151969981238276
1886-08-01,0.04283054003724395
1886-09-01,0.041742286751361164
1886-10-01,0.03893805309734513
1886-11-01,0.037996545768566495
1886-12-01,0.03900709219858156
1887-01-01,0.03942652329749104
1887-02-01,0.04151624548736462
1887-03-01,0.040564373897707236
1887-04-01,0.039655172413793106
1887-05-01,0.03898305084745762
1887-06-01,0.0418848167539267
1887-07-01,0.04293381037567084
1887-08-01,0.04403669724770642
1887-09-01,0.04460966542750929
1887-10-01,0.04807692307692307
1887-11-01,0.04716981132075472
1887-12-01,0.04743833017077799
1888-01-01,0.04708097928436912
1888-02-01,0.04734848484848485
1888-03-01,0.049212598425196846
1888-04-01,0.047058823529411764
1888-05-01,0.04642166344294004
1888-06-01,0.04790419161676647
1888-07-01,0.04669260700389105
1888-08-01,0.045714285714285714
1888-09-01,0.04460966542750929
1888-10-01,0.04299065420560748
1888-11-01,0.04389312977099236
1888-12-01,0.044747081712062264
1889-01-01,0.04389312977099236
1889-02-01,0.043396226415094344
1889-03-01,0.04431599229287091
1889-04-01,0.0444015444015444
1889-05-01,0.043233082706766915
1889-06-01,0.04251386321626618
1889-07-01,0.041509433962264156
1889-08-01,0.040968342644320296
1889-09-01,0.04
1889-10-01,0.04074074074074074
1889-11-01,0.041121495327102804
1889-12-01,0.041353383458646614
1890-01-01,0.040892193308550186
1890-02-01,0.041353383458646614
1890-03-01,0.041666666666666664
1890-04-01,0.04081632653061225
1890-05-01,0.03914590747330961
1890-06-01,0.03942652329749104
1890-07-01,0.039711191335740074
1890-08-01,0.04066543438077634
1890-09-01,0.041353383458646614
1890-10-01,0.04330708661417323
1890-11-01,0.046709129511677286
1890-12-01,0.04782608695652174
1891-01-01,0.045454545454545456
1891-02-01,0.044897959183673466
1891-03-01,0.04573804573804574
1891-04-01,0.044265593561368215
1891-05-01,0.044444444444444446
1891-06-01,0.04536082474226805
1891-07-01,0.04612159329140462
1891-08-01,0.04462474645030426
1891-09-01,0.04127579737335835
1891-10-01,0.04127579737335835
1891-11-01,0.0419047619047619
1891-12-01,0.04066543438077634
1892-01-01,0.039927404718693285
1892-02-01,0.03985507246376812
1892-03-01,0.04121863799283154
1892-04-01,0.04129263913824057
1892-05-01,0.04129263913824057
1892-06-01,0.04151624548736462
1892-07-01,0.04151624548736462
1892-08-01,0.04092526690391459
1892-09-01,0.0437956204379562
1892-10-01,0.04293381037567084
1892-11-01,0.04308797127468581
1892-12-01,0.043557168784029036
1893-01-01,0.0427807486631016
1893-02-01,0.043557168784029036
1893-03-01,0.04519774011299435
1893-04-01,0.04519774011299435
1893-05-01,0.049586776859504134
1893-06-01,0.054229934924078085
1893-07-01,0.059808612440191394
1893-08-01,0.061274509803921566
1893-09-01,0.05720823798627002
1893-10-01,0.05555555555555555
1893-11-01,0.05470459518599562
1893-12-01,0.056689342403628114
1894-01-01,0.057870370370370364
1894-02-01,0.0547945205479452
1894-03-01,0.05321507760532151
1894-04-01,0.0525164113785558
1894-05-01,0.05227272727272727
1894-06-01,0.05299539170506913
1894-07-01,0.054117647058823534
1894-08-01,0.04988662131519274
1894-09-01,0.049107142857142856
1894-10-01,0.05069124423963134
1894-11-01,0.04838709677419355
1894-12-01,0.04883720930232558
1895-01-01,0.04941176470588235
1895-02-01,0.05011933174224343
1895-03-01,0.05011933174224343
1895-04-01,0.04576659038901602
1895-05-01,0.04338394793926247
1895-06-01,0.0425531914893617
1895-07-01,0.04237288135593221
1895-08-01,0.04175365344467641
1895-09-01,0.04149377593360996
1895-10-01,0.04
1895-11-01,0.04139433551198257
1895-12-01,0.04398148148148148
1896-01-01,0.04449648711943795
1896-02-01,0.04269662921348315
1896-03-01,0.04337899543378996
1896-04-01,0.042986425339366516
1896-05-01,0.043181818181818175
1896-06-01,0.04398148148148148
1896-07-01,0.04455445544554455
1896-08-01,0.047244094488188976
1896-09-01,0.04488778054862843
1896-10-01,0.04390243902439025
1896-11-01,0.0410958904109589
1896-12-01,0.04265402843601896
1897-01-01,0.04265402843601896
1897-02-01,0.0430622009569378
1897-03-01,0.04295942720763723
1897-04-01,0.04433497536945813
1897-05-01,0.044117647058823525
1897-06-01,0.042154566744730684
1897-07-01,0.04035874439461883
1897-08-01,0.03789473684210526
1897-09-01,0.03614457831325301
1897-10-01,0.03734439834024896
1897-11-01,0.038709677419354833
1897-12-01,0.03789473684210526
1898-01-01,0.036885245901639344
1898-02-01,0.03696098562628337
1898-03-01,0.040860215053763436
1898-04-01,0.04157549234135667
1898-05-01,0.039014373716632446
1898-06-01,0.03754940711462451
1898-07-01,0.03740157480314961
1898-08-01,0.036053130929791274
1898-09-01,0.038022813688212934
1898-10-01,0.038834951456310676
1898-11-01,0.03759398496240601
1898-12-01,0.035398230088495575
1899-01-01,0.03289473684210526
1899-02-01,0.03169572107765452
1899-03-01,0.03125
1899-04-01,0.030864197530864196
1899-05-01,0.032206119162640906
1899-06-01,0.03459637561779242
1899-07-01,0.03343949044585987
1899-08-01,0.03260869565217391
1899-09-01,0.03296703296703297
1899-10-01,0.033123028391167195
1899-11-01,0.032507739938080496
1899-12-01,0.03488372093023256
1900-01-01,0.036065573770491806
1900-02-01,0.03703703703703704
1900-03-01,0.03674121405750799
1900-04-01,0.03785488958990536
1900-05-01,0.041390728476821195
1900-06-01,0.04436860068259386
1900-07-01,0.04436860068259386
1900-08-01,0.045454545454545456
1900-09-01,0.048275862068965524
1900-10-01,0.048252911813643926
1900-11-01,0.04475308641975308
1900-12-01,0.043668122270742356
1901-01-01,0.04243281471004243
1901-02-01,0.041379310344827586
1901-03-01,0.041278295605858856
1901-04-01,0.03808353808353808
1901-05-01,0.040103492884864166
1901-06-01,0.036470588235294116
1901-07-01,0.03909205548549811
1901-08-01,0.038557213930348264
1901-09-01,0.04
1901-10-01,0.040455120101137804
1901-11-01,0.039603960396039604
1901-12-01,0.04025157232704402
1902-01-01,0.0394088669950739
1902-02-01,0.03907203907203907
1902-03-01,0.039024390243902446
1902-04-01,0.03773584905660377
1902-05-01,0.037825059101654845
1902-06-01,0.039239001189060645
1902-07-01,0.03837209302325582
1902-08-01,0.03737259343148358
1902-09-01,0.03728813559322034
1902-10-01,0.038506417736289385
1902-11-01,0.04004854368932039
1902-12-01,0.040993788819875775
1903-01-01,0.03900709219858156
1903-02-01,0.039239001189060645
1903-03-01,0.04207920792079208
1903-04-01,0.04387096774193549
1903-05-01,0.044736842105263165
1903-06-01,0.04735376044568246
1903-07-01,0.04963503649635037
1903-08-01,0.05128205128205129
1903-09-01,0.05409582689335394
1903-10-01,0.05591054313099041
1903-11-01,0.055732484076433116
1903-12-01,0.0532724505327245
1904-01-01,0.05239520958083832
1904-02-01,0.05230769230769231
1904-03-01,0.05246913580246913
1904-04-01,0.05120481927710844
1904-05-01,0.050769230769230775
1904-06-01,0.05069124423963134
1904-07-01,0.048672566371681415
1904-08-01,0.0456490727532097
1904-09-01,0.04371584699453552
1904-10-01,0.04129032258064516
1904-11-01,0.037943696450428395
1904-12-01,0.037575757575757575
1905-01-01,0.036773428232502965
1905-02-01,0.035227272727272725
1905-03-01,0.03535911602209944
1905-04-01,0.03579418344519016
1905-05-01,0.037647058823529415
1905-06-01,0.037209302325581395
1905-07-01,0.03607666290868095
1905-08-01,0.034782608695652174
1905-09-01,0.035752979414951244
1905-10-01,0.03525641025641026
1905-11-01,0.03544575725026853
1905-12-01,0.034591194968553465
1906-01-01,0.03444782168186424
1906-02-01,0.03469387755102041
1906-03-01,0.036610878661087864
1906-04-01,0.03711558854718982
1906-05-01,0.0392156862745098
1906-06-01,0.039784946236559135
1906-07-01,0.04083885209713024
1906-08-01,0.039054470709146964
1906-09-01,0.0378863409770688
1906-10-01,0.040082219938335044
1906-11-01,0.03927492447129909
1906-12-01,0.04065040650406505
1907-01-01,0.04184100418410042
1907-02-01,0.04427645788336933
1907-03-01,0.04910179640718563
1907-04-01,0.04886769964243146
1907-05-01,0.05185185185185185
1907-06-01,0.05357142857142857
1907-07-01,0.051597051597051594
1907-08-01,0.057104913678618856
1907-09-01,0.05771812080536912
1907-10-01,0.06475903614457831
1907-11-01,0.0704
1907-12-01,0.0669710806697108
1908-01-01,0.06423357664233577
1908-02-01,0.06515151515151515
1908-03-01,0.06259097525473072
1908-04-01,0.05939226519337016
1908-05-01,0.055045871559633024
1908-06-01,0.0549738219895288
1908-07-01,0.05303030303030303
1908-08-01,0.04963680387409201
1908-09-01,0.05018359853121175
1908-10-01,0.049576783555018135
1908-11-01,0.04530011325028313
1908-12-01,0.044296788482835
1909-01-01,0.04415011037527594
1909-02-01,0.046590909090909086
1909-03-01,0.04596412556053812
1909-04-01,0.04399141630901287
1909-05-01,0.04361370716510903
1909-06-01,0.04285714285714285
1909-07-01,0.04225352112676056
1909-08-01,0.04223968565815324
1909-09-01,0.042198233562315994
1909-10-01,0.042033235581622676
1909-11-01,0.043222003929273084
1909-12-01,0.04271844660194175
1910-01-01,0.04365079365079365
1910-02-01,0.046296296296296294
1910-03-01,0.045180722891566265
1910-04-01,0.046296296296296294
1910-05-01,0.04707112970711297
1910-06-01,0.05054945054945055
1910-07-01,0.05324074074074074
1910-08-01,0.05197740112994351
1910-09-01,0.051627384960718295
1910-10-01,0.05042918454935622
1910-11-01,0.05048335123523093
1910-12-01,0.05193370165745856
1911-01-01,0.05070118662351672
1911-02-01,0.04984093319194061
1911-03-01,0.05042918454935622
1911-04-01,0.050646551724137935
1911-05-01,0.049578059071729956
1911-06-01,0.048603929679420885
1911-07-01,0.04880581516095534
1911-08-01,0.05125408942202835
1911-09-01,0.05420991926182237
1911-10-01,0.053899082568807336
1911-11-01,0.05181918412348401
1911-12-01,0.05159165751920966
1912-01-01,0.051535087719298246
1912-02-01,0.05199115044247788
1912-03-01,0.05053763440860214
1912-04-01,0.04900938477580813
1912-05-01,0.04906054279749478
1912-06-01,0.050104384133611686
1912-07-01,0.05005213764337852
1912-08-01,0.048929663608562685
1912-09-01,0.0486815415821501
1912-10-01,0.04878048780487805
1912-11-01,0.04933196300102775
1912-12-01,0.05117270788912579
1913-01-01,0.051612903225806445
1913-02-01,0.05351170568561872
1913-03-01,0.054545454545454536
1913-04-01,0.05460750853242321
1913-05-01,0.05614035087719298
1913-06-01,0.05911330049261084
1913-07-01,0.058323207776427695
1913-08-01,0.056804733727810655
1913-09-01,0.05627198124267292
1913-10-01,0.05811138014527845
1913-11-01,0.059627329192546576
1913-12-01,0.05970149253731344
1914-01-01,0.05734767025089606
1914-02-01,0.05542452830188679
1914-03-01,0.05649038461538461
1914-04-01,0.056650246305418726
1914-05-01,0.05630354957160343
1914-06-01,0.05535055350553505
1914-07-01,0.05859375000000001
1914-08-01,0.05729166666666667
1914-09-01,0.05729166666666667
1914-10-01,0.055989583333333336
1914-11-01,0.055989583333333336
1914-12-01,0.05714285714285714
1915-01-01,0.05614973262032085
1915-02-01,0.056910569105691054
1915-03-01,0.05548216644649934
1915-04-01,0.051597051597051594
1915-05-01,0.05283018867924528
1915-06-01,0.05348258706467662
1915-07-01,0.05368289637952559
1915-08-01,0.05149700598802395
1915-09-01,0.049653579676674366
1915-10-01,0.047045951859956234
1915-11-01,0.04545454545454545
1915-12-01,0.04535864978902953
1916-01-01,0.04715969989281887
1916-02-01,0.04891304347826087
1916-03-01,0.05016357688113413
1916-04-01,0.05181918412348401
1916-05-01,0.05177993527508091
1916-06-01,0.05341880341880342
1916-07-01,0.0552546045503792
1916-08-01,0.05591397849462365
1916-09-01,0.054752066115702484
1916-10-01,0.05410821643286573
1916-11-01,0.05386875612144956
1916-12-01,0.05714285714285714
1917-01-01,0.05956112852664576
1917-02-01,0.06423034330011074
1917-03-01,0.06337271750805584
1917-04-01,0.06543075245365322
1917-05-01,0.06884875846501129
1917-06-01,0.06969026548672567
1917-07-01,0.07281001137656429
1917-08-01,0.07620164126611959
1917-09-01,0.08128078817733991
1917-10-01,0.08723958333333334
1917-11-01,0.0965909090909091
1917-12-01,0.10147058823529412
1918-01-01,0.09431345353675452
1918-02-01,0.09017496635262451
1918-03-01,0.09065934065934066
1918-04-01,0.09015256588072122
1918-05-01,0.08602150537634408
1918-06-01,0.08456375838926174
1918-07-01,0.08255659121171771
1918-08-01,0.08047493403693931
1918-09-01,0.07957559681697612
1918-10-01,0.07506361323155215
1918-11-01,0.07196029776674936
1918-12-01,0.07215189873417721
1919-01-01,0.07261146496815286
1919-02-01,0.07106598984771574
1919-03-01,0.06896551724137932
1919-04-01,0.066746126340882
1919-05-01,0.06131549609810479
1919-06-01,0.05971769815418024
1919-07-01,0.05783385909568876
1919-08-01,0.06087936865839911
1919-09-01,0.059933407325194234
1919-10-01,0.057022175290390706
1919-11-01,0.05767138193688793
1919-12-01,0.0594170403587444
1920-01-01,0.060022650056625146
1920-02-01,0.0654320987654321
1920-03-01,0.061130334486735875
1920-04-01,0.060465116279069774
1920-05-01,0.06451612903225806
1920-06-01,0.06565656565656566
1920-07-01,0.06573957016434892
1920-08-01,0.06842105263157895
1920-09-01,0.06607369758576874
1920-10-01,0.06472081218274112
1920-11-01,0.06818181818181818
1920-12-01,0.07488986784140969
1921-01-01,0.07172995780590717
1921-02-01,0.0708215297450425
1921-03-01,0.07267441860465117
1921-04-01,0.07091172214182344
1921-05-01,0.06882022471910113
1921-06-01,0.07480916030534351
1921-07-01,0.07350689127105665
1921-08-01,0.07441860465116279
1921-09-01,0.07110438729198183
1921-10-01,0.07014925373134327
1921-11-01,0.0651558073654391
1921-12-01,0.06292749658002737
1922-01-01,0.06301369863013699
1922-02-01,0.06300268096514745
1922-03-01,0.0607235142118863
1922-04-01,0.05846528623629719
1922-05-01,0.05627198124267292
1922-06-01,0.05798816568047337
1922-07-01,0.057579318448883664
1922-08-01,0.05549263873159683
1922-09-01,0.05518763796909492
1922-10-01,0.05399568034557235
1922-11-01,0.05795454545454545
1922-12-01,0.0580865603644647
1923-01-01,0.05730337078651685
1923-02-01,0.054956896551724144
1923-03-01,0.05514316012725345
1923-04-01,0.05714285714285715
1923-05-01,0.059976931949250294
1923-06-01,0.06235011990407674
1923-07-01,0.06451612903225806
1923-08-01,0.06419753086419754
1923-09-01,0.06503067484662577
1923-10-01,0.06600249066002492
1923-11-01,0.06408706166868199
1923-12-01,0.06198830409356725
1924-01-01,0.060022650056625146
1924-02-01,0.059751972942502826
1924-03-01,0.062068965517241385
1924-04-01,0.06352941176470589
1924-05-01,0.06375442739079103
1924-06-01,0.06257242178447277
1924-07-01,0.05980066445182725
1924-08-01,0.05781584582441114
1924-09-01,0.05945945945945946
1924-10-01,0.060240963855421686
1924-11-01,0.05705394190871369
1924-12-01,0.054133858267716536
1925-01-01,0.05198487712665407
1925-02-01,0.05248359887535146
1925-03-01,0.053897978825794036
1925-04-01,0.05544747081712062
1925-05-01,0.05372290292177191
1925-06-01,0.0537037037037037
1925-07-01,0.05225225225225225
1925-08-01,0.05155555555555555
1925-09-01,0.051259774109470024
1925-10-01,0.049621530698065595
1925-11-01,0.04893964110929853
1925-12-01,0.04815409309791332
1926-01-01,0.048221343873517786
1926-02-01,0.0489344909234412
1926-03-01,0.052497883149872984
1926-04-01,0.054878048780487805
1926-05-01,0.05536332179930796
1926-06-01,0.0536746490503716
1926-07-01,0.0515055467511886
1926-08-01,0.05030487804878049
1926-09-01,0.050300300300300305
1926-10-01,0.0522273425499232
1926-11-01,0.051554207733131165
1926-12-01,0.05114899925871015
1927-01-01,0.05223880597014925
1927-02-01,0.051244509516837476
1927-03-01,0.05118961788031723
1927-04-01,0.05066854327938071
1927-05-01,0.04897959183673469
1927-06-01,0.049026192075218265
1927-07-01,0.04862023653088042
1927-08-01,0.046163443543356206
1927-09-01,0.04427390791027154
1927-10-01,0.045563549160671464
1927-11-01,0.044548651817116064
1927-12-01,0.04410080183276059
1928-01-01,0.04449515116942385
1928-02-01,0.04503464203233257
1928-03-01,0.04328767123287672
1928-04-01,0.04123711340206186
1928-05-01,0.04
1928-06-01,0.04258675078864354
1928-07-01,0.04279749478079332
1928-08-01,0.04145601617795753
1928-09-01,0.03920642418516768
1928-10-01,0.03888888888888888
1928-11-01,0.036426712922810064
1928-12-01,0.0367170626349892
1929-01-01,0.03459372485921158
1929-02-01,0.034813925570228096
1929-03-01,0.03460479748328746
1929-04-01,0.035205696202531646
1929-05-01,0.03507404520654715
1929-06-01,0.034799235181644364
1929-07-01,0.032303370786516857
1929-08-01,0.030897009966777408
1929-09-01,0.030031948881789134
1929-10-01,0.033940693104680245
1929-11-01,0.04664723032069971
1929-12-01,0.04532710280373832
1930-01-01,0.04467987102717642
1930-02-01,0.04204594711746857
1930-03-01,0.04051796157059315
1930-04-01,0.038098978790259225
1930-05-01,0.04051796157059315
1930-06-01,0.04553903345724907
1930-07-01,0.04653371320037987
1930-08-01,0.04713804713804714
1930-09-01,0.04716073147256977
1930-10-01,0.05468749999999999
1930-11-01,0.05896510228640192
1930-12-01,0.06318504190844616
1931-01-01,0.06070087609511889
1931-02-01,0.055232558139534885
1931-03-01,0.053622361665715906
1931-04-01,0.058638083228247165
1931-05-01,0.06350314026517795
1931-06-01,0.06488824801730354
1931-07-01,0.062107466852756456
1931-08-01,0.06258992805755395
1931-09-01,0.07269653423499577
1931-10-01,0.08292682926829269
1931-11-01,0.07988450433108757
1931-12-01,0.0971563981042654
1932-01-01,0.09518072289156626
1932-02-01,0.09356014580801944
1932-03-01,0.08958837772397095
1932-04-01,0.11305732484076432
1932-05-01,0.12522686025408347
1932-06-01,0.13836477987421386
1932-07-01,0.125748502994012
1932-08-01,0.08100929614873838
1932-09-01,0.07021791767554479
1932-10-01,0.07724719101123596
1932-11-01,0.07517730496453902
1932-12-01,0.07331378299120234
1933-01-01,0.07052186177715092
1933-02-01,0.0784
1933-03-01,0.07865168539325842
1933-04-01,0.06966618287373004
1933-05-01,0.054114994363021425
1933-06-01,0.04523580365736284
1933-07-01,0.041852181656277826
1933-08-01,0.04311152764761012
1933-09-01,0.043478260869565216
1933-10-01,0.04712041884816753
1933-11-01,0.04601226993865031
1933-12-01,0.04413239719157472
1934-01-01,0.04174573055028463
1934-02-01,0.038869257950530034
1934-03-01,0.040968342644320296
1934-04-01,0.040293040293040296
1934-05-01,0.04485219164118247
1934-06-01,0.04527162977867204
1934-07-01,0.04751847940865892
1934-08-01,0.049450549450549455
1934-09-01,0.05067567567567567
1934-10-01,0.05027932960893855
1934-11-01,0.04891304347826087
1934-12-01,0.04859611231101512
1935-01-01,0.04859611231101512
1935-02-01,0.05011135857461024
1935-03-01,0.0535077288941736
1935-04-01,0.04977876106194691
1935-05-01,0.04512820512820513
1935-06-01,0.04347826086956522
1935-07-01,0.04131455399061033
1935-08-01,0.03869832893579596
1935-09-01,0.03789836347975883
1935-10-01,0.037751677852348994
1935-11-01,0.035276073619631906
1935-12-01,0.036042944785276074
1936-01-01,0.03488372093023256
1936-02-01,0.03367697594501718
1936-03-01,0.033647375504710635
1936-04-01,0.03494623655913978
1936-05-01,0.0376153300212917
1936-06-01,0.03744043567052417
1936-07-01,0.03663239074550128
1936-08-01,0.037177063642091994
1936-09-01,0.038006230529595016
1936-10-01,0.03848431024274719
1936-11-01,0.0391705069124424
1936-12-01,0.04220398593200469
1937-01-01,0.041500852757248435
1937-02-01,0.040861402540033134
1937-03-01,0.04145936981757877
1937-04-01,0.04585537918871252
1937-05-01,0.04984615384615385
1937-06-01,0.053708439897698204
1937-07-01,0.04948702474351237
1937-08-01,0.04719235364396655
1937-09-01,0.053583855254001396
1937-10-01,0.06351791530944625
1937-11-01,0.0705357142857143
1937-12-01,0.07259528130671507
1938-01-01,0.06984969053934571
1938-02-01,0.07155797101449277
1938-03-01,0.07565470417070805
1938-04-01,0.07785642062689585
1938-05-01,0.0751503006012024
1938-06-01,0.07247796278158668
1938-07-01,0.05800653594771241
1938-08-01,0.05605199025182778
1938-09-01,0.05617021276595745
1938-10-01,0.04670750382848392
1938-11-01,0.04284621270084162
1938-12-01,0.04018912529550828
1939-01-01,0.0408
1939-02-01,0.041935483870967745
1939-03-01,0.041969330104923326
1939-04-01,0.04801477377654663
1939-05-01,0.047195013357079256
1939-06-01,0.046369203849518814
1939-07-01,0.04611443210930828
1939-08-01,0.04766031195840555
1939-09-01,0.043852779953014884
1939-10-01,0.04496124031007751
1939-11-01,0.0473559589581689
1939-12-01,0.050121261115602264
1940-01-01,0.050406504065040644
1940-02-01,0.05155482815057283
1940-03-01,0.05185185185185185
1940-04-01,0.052159739201304
1940-05-01,0.06049149338374291
1940-06-01,0.0672182006204757
1940-07-01,0.06606606606606606
1940-08-01,0.06470588235294118
1940-09-01,0.06302916274694262
1940-10-01,0.06244175209692451
1940-11-01,0.0610200364298725
1940-12-01,0.06362773029439697
1941-01-01,0.06350710900473934
1941-02-01,0.06875631951466127
1941-03-01,0.06834170854271358
1941-04-01,0.07053941908713693
1941-05-01,0.07317073170731707
1941-06-01,0.0706967213114754
1941-07-01,0.06725146198830409
1941-08-01,0.06856023506366307
1941-09-01,0.068359375
1941-10-01,0.07121057985757884
1941-11-01,0.07577374599786553
1941-12-01,0.08105022831050228
1942-01-01,0.07838745800671892
1942-02-01,0.08092485549132947
1942-03-01,0.0843520782396088
1942-04-01,0.08673469387755103
1942-05-01,0.0844892812105927
1942-06-01,0.07923169267707084
1942-07-01,0.07523148148148148
1942-08-01,0.07334109429569267
1942-09-01,0.07142857142857142
1942-10-01,0.06545064377682402
1942-11-01,0.06335797254487856
1942-12-01,0.06197478991596639
1943-01-01,0.05847373637264618
1943-02-01,0.05519176800748363
1943-03-01,0.05329719963866305
1943-04-01,0.051573426573426576
1943-05-01,0.049621530698065595
1943-06-01,0.048760330578512395
1943-07-01,0.04777327935222672
1943-08-01,0.05110732538330494
1943-09-01,0.0500417014178482
1943-10-01,0.0505050505050505
1943-11-01,0.05383936451897617
1943-12-01,0.053135888501742154
1944-01-01,0.05147679324894515
1944-02-01,0.052676295666949875
1944-03-01,0.0512396694214876
1944-04-01,0.05214465937762826
1944-05-01,0.05206611570247934
1944-06-01,0.049723756906077346
1944-07-01,0.04846153846153846
1944-08-01,0.04996096799375488
1944-09-01,0.050793650793650794
1944-10-01,0.049573973663826494
1944-11-01,0.0499219968798752
1944-12-01,0.04885496183206107
1945-01-01,0.04744255003706449
1945-02-01,0.046628407460545196
1945-03-01,0.046661880832735106
1945-04-01,0.04551820728291317
1945-05-01,0.043859649122807015
1945-06-01,0.043074884029158385
1945-07-01,0.04397834912043302
1945-08-01,0.0445043830074174
1945-09-01,0.04166666666666667
1945-10-01,0.04
1945-11-01,0.03873239436619719
1945-12-01,0.03808424697057127
1946-01-01,0.03718091009988902
1946-02-01,0.03707802988378528
1946-03-01,0.0387906446092413
1946-04-01,0.03644158628081458
1946-05-01,0.03636363636363637
1946-06-01,0.03659849300322929
1946-07-01,0.03767313019390582
1946-08-01,0.03898305084745762
1946-09-01,0.04572564612326043
1946-10-01,0.04745762711864406
1946-11-01,0.04765146358066712
1946-12-01,0.04692663582286847
1947-01-01,0.046679815910585135
1947-02-01,0.04556962025316455
1947-03-01,0.047493403693931395
1947-04-01,0.05
1947-05-01,0.05230125523012552
1947-06-01,0.05121293800539084
1947-07-01,0.04882688649334179
1947-08-01,0.050452781371280724
1947-09-01,0.05245683930942895
1947-10-01,0.052427184466019426
1947-11-01,0.05370006548788474
1947-12-01,0.05588822355289421
1948-01-01,0.056641942009440324
1948-02-01,0.06028368794326241
1948-03-01,0.05944055944055943
1948-04-01,0.05519480519480519
1948-05-01,0.052631578947368425
1948-06-01,0.050535077288941736
1948-07-01,0.052375152253349565
1948-08-01,0.05395232120451694
1948-09-01,0.05520304568527919
1948-10-01,0.05497220506485485
1948-11-01,0.059516023544800525
1948-12-01,0.06122448979591837
1949-01-01,0.061848958333333336
1949-02-01,0.06499661475964794
1949-03-01,0.06572769953051644
1949-04-01,0.06648757555406312
1949-05-01,0.06833558863328823
1949-06-01,0.07301360057265568
1949-07-01,0.06978319783197832
1949-08-01,0.06736429038587312
1949-09-01,0.0671400903808909
1949-10-01,0.06733794839521712
1949-11-01,0.06890130353817506
1949-12-01,0.06892382103990326
1950-01-01,0.06812796208530805
1950-02-01,0.06740267286461359
1950-03-01,0.06743515850144091
1950-04-01,0.06614349775784753
1950-05-01,0.06453362255965292
1950-06-01,0.064034151547492
1950-07-01,0.0713463751438435
1950-08-01,0.06999457406402605
1950-09-01,0.06970649895178198
1950-10-01,0.06945143432310014
1950-11-01,0.07160867372667676
1950-12-01,0.07443037974683545
1951-01-01,0.07024988213107025
1951-02-01,0.06818181818181818
1951-03-01,0.07027276930189552
1951-04-01,0.06979927007299269
1951-05-01,0.07067943456452348
1951-06-01,0.07238979118329467
1951-07-01,0.07067943456452348
1951-08-01,0.06684141546526867
1951-09-01,0.06473594548551959
1951-10-01,0.06335616438356165
1951-11-01,0.06384852487890796
1951-12-01,0.060230670653566847
1952-01-01,0.05828854898718478
1952-02-01,0.059789473684210524
1952-03-01,0.059638807223855526
1952-04-01,0.06023588879528222
1952-05-01,0.0606826801517067
1952-06-01,0.05947497949138638
1952-07-01,0.05781499202551835
1952-08-01,0.057585385226370134
1952-09-01,0.05851493139628732
1952-10-01,0.059356966199505354
1952-11-01,0.056731921693967235
1952-12-01,0.05414746543778802
1953-01-01,0.05385790679908327
1953-02-01,0.054524361948955914
1953-03-01,0.05425163524432474
1953-04-01,0.05706191825171995
1953-05-01,0.0571658615136876
1953-06-01,0.0592901878914405
1953-07-01,0.058460271716755864
1953-08-01,0.058220582205822054
1953-09-01,0.061022776106574986
1953-10-01,0.05965790571547768
1953-11-01,0.05877551020408163
1953-12-01,0.05839710028191704
1954-01-01,0.05734485467399843
1954-02-01,0.056110684089162186
1954-03-01,0.05532555513737297
1954-04-01,0.05284111473036555
1954-05-01,0.05081796032022276
1954-06-01,0.05006906077348066
1954-07-01,0.04845668768669101
1954-08-01,0.047510575984380084
1954-09-01,0.046740858505564385
1954-10-01,0.04630205096333126
1954-11-01,0.045454545454545456
1954-12-01,0.04403774663997712
1955-01-01,0.04353932584269663
1955-02-01,0.04213101386246263
1955-03-01,0.042739726027397264
1955-04-01,0.0413135593220339
1955-05-01,0.04175531914893617
1955-06-01,0.03946706887883358
1955-07-01,0.037245256500351376
1955-08-01,0.037709168041480084
1955-09-01,0.036535859269282815
1955-10-01,0.03870814533364996
1955-11-01,0.03626251390433815
1955-12-01,0.03614723385497024
1956-01-01,0.03782559456398641
1956-02-01,0.03826243529146973
1956-03-01,0.036428721836176035
1956-04-01,0.036420395421436005
1956-05-01,0.03824666953158573
1956-06-01,0.03890209639074994
1956-07-01,0.037105371053710534
1956-08-01,0.03773974015260879
1956-09-01,0.039282664389410756
1956-10-01,0.03914359861591695
1956-11-01,0.038680069930069935
1956-12-01,0.037467700258397935
1957-01-01,0.03830068236847898
1957-02-01,0.03979756153669197
1957-03-01,0.0392913922325687
1957-04-01,0.03840177580466149
1957-05-01,0.03698161607524583
1957-06-01,0.036382754994742375
1957-07-01,0.035868893011750155
1957-08-01,0.038176265270506105
1957-09-01,0.040018190086402915
1957-10-01,0.042919495635305525
1957-11-01,0.04411400247831475
1957-12-01,0.044383833374659065
1958-01-01,0.04328793774319067
1958-02-01,0.043141056713523994
1958-03-01,0.04203277131322726
1958-04-01,0.0415682569674067
1958-05-01,0.039816933638443935
1958-06-01,0.03865921787709497
1958-07-01,0.037625054371465856
1958-08-01,0.03626834381551362
1958-09-01,0.03533496732026144
1958-10-01,0.034151128557409226
1958-11-01,0.03314285714285714
1958-12-01,0.03271639558796036
1959-01-01,0.03164329377921611
1959-02-01,0.03213438013511046
1959-03-01,0.031517094017094016
1959-04-01,0.03117338003502627
1959-05-01,0.030710835058661144
1959-06-01,0.031152105812739295
1959-07-01,0.03013056578506863
1959-08-01,0.030303030303030304
1959-09-01,0.03172655565293602
1959-10-01,0.03192982456140351
1959-11-01,0.03180150270836974
1959-12-01,0.030985438537080936
1960-01-01,0.03222471135619507
1960-02-01,0.034062387952671205
1960-03-01,0.03525990548891312
1960-04-01,0.0348106944195227
1960-05-01,0.03531329228540384
1960-06-01,0.034055186866922806
1960-07-01,0.034921203438395415
1960-08-01,0.034507166873119804
1960-09-01,0.035577449370552815
1960-10-01,0.036292573981016193
1960-11-01,0.035154137371552194
1960-12-01,0.03433098591549296
1961-01-01,0.0326523777628935
1961-02-01,0.03120476113881293
1961-03-01,0.030255770430442915
1961-04-01,0.0294698465745101
1961-05-01,0.029172932330827066
1961-06-01,0.029564157269125264
1961-07-01,0.02979828850855746
1961-08-01,0.028765304617200175
1961-09-01,0.029140648230746354
1961-10-01,0.02911764705882353
1961-11-01,0.028137310073157007
1961-12-01,0.02815723445776415
1962-01-01,0.029390473432749385
1962-02-01,0.02890914269438906
1962-03-01,0.029022620571916343
1962-04-01,0.030124908155767818
1962-05-01,0.03254484838863311
1962-06-01,0.03703037929174906
1962-07-01,0.036334913112164295
1962-08-01,0.03537252221462747
1962-09-01,0.03586206896551724
1962-10-01,0.03738650525191383
1962-11-01,0.03514323784143904
1962-12-01,0.03400383141762452
1963-01-01,0.032892714417460805
1963-02-01,0.03246359223300971
1963-03-01,0.032739454850007614
1963-04-01,0.03155904595695171
1963-05-01,0.031080695751354435
1963-06-01,0.031379261161032665
1963-07-01,0.03185174460692052
1963-08-01,0.031135531135531132
1963-09-01,0.0303363074811256
1963-10-01,0.030535396412433247
1963-11-01,0.03112090333241531
1963-12-01,0.030740191452069566
1964-01-01,0.030085022890778284
1964-02-01,0.029848817676702416
1964-03-01,0.02956852791878173
1964-04-01,0.029397047785839382
1964-05-01,0.02923686818632309
1964-06-01,0.029661016949152543
1964-07-01,0.02883922134102379
1964-08-01,0.029512195121951218
1964-09-01,0.029253087159812972
1964-10-01,0.028992339422510314
1964-11-01,0.02902621722846442
1964-12-01,0.02977608384945212
1965-01-01,0.029261495587552252
1965-02-01,0.029164265129682995
1965-03-01,0.029367730047218703
1965-04-01,0.02921450494486757
1965-05-01,0.029009856630824372
1965-06-01,0.03069143932267168
1965-07-01,0.03097397244140855
1965-08-01,0.03052375997225113
1965-09-01,0.029760572835086152
1965-10-01,0.02932487143013459
1965-11-01,0.02930005425935974
1965-12-01,0.029652240270358662
1966-01-01,0.02936133733390485
1966-02-01,0.02977667493796526
1966-03-01,0.031278127812781276
1966-04-01,0.03056768558951965
1966-05-01,0.03238073288776216
1966-06-01,0.032884034394608415
1966-07-01,0.03320130475302889
1966-08-01,0.03558586484810911
1966-09-01,0.03714175555841152
1966-10-01,0.037339556592765465
1966-11-01,0.03555994567230522
1966-12-01,0.035288331488995454
1967-01-01,0.03410301953818828
1967-02-01,0.03308150183150183
1967-03-01,0.03243122343994632
1967-04-01,0.031882145998240984
1967-05-01,0.031320876984555567
1967-06-01,0.03171825440227496
1967-07-01,0.0312869583915708
1967-08-01,0.030796909725896923
1967-09-01,0.030476985700866297
1967-10-01,0.03052477524566172
1967-11-01,0.03151305849341679
1967-12-01,0.030640083945435468
1968-01-01,0.030829124579124578
1968-02-01,0.03239669421487603
1968-03-01,0.033112582781456956
1968-04-01,0.03093968851259538
1968-05-01,0.030448554204557065
1968-06-01,0.02975124378109453
1968-07-01,0.029910269192422734
1968-08-01,0.030781775558047092
1968-09-01,0.029911154985192496
1968-10-01,0.02928709055876686
1968-11-01,0.029032258064516127
1968-12-01,0.028826291079812206
1969-01-01,0.03019607843137255
1969-02-01,0.03044334975369458
1969-03-01,0.031218529707955692
1969-04-01,0.030700888450148074
1969-05-01,0.029827915869980882
1969-06-01,0.03157151502925156
1969-07-01,0.03315383803188682
1969-08-01,0.03334041197706519
1969-09-01,0.033329806369696326
1969-10-01,0.032977386934673364
1969-11-01,0.032844818625922464
1969-12-01,0.034683349796948745
1970-01-01,0.03499058797475363
1970-02-01,0.03636989444699403
1970-03-01,0.03575860124083474
1970-04-01,0.036881908086096565
1970-05-01,0.04180909808046279
1970-06-01,0.04206905675353883
1970-07-01,0.041996830427892234
1970-08-01,0.0409394250513347
1970-09-01,0.03862920804068782
1970-10-01,0.03757259689463079
1970-11-01,0.03749406739439962
1970-12-01,0.03486951693503609
1971-01-01,0.03347951652583164
1971-02-01,0.032128514056224904
1971-03-01,0.031224899598393575
1971-04-01,0.03019417475728155
1971-05-01,0.03051181102362205
1971-06-01,0.031087043722422786
1971-07-01,0.031313131313131314
1971-08-01,0.03177704648292884
1971-09-01,0.031086519114688127
1971-10-01,0.031657929900298074
1971-11-01,0.03319680965725372
1971-12-01,0.03095694262377735
1972-01-01,0.02971926427879961
1972-02-01,0.02918250950570342
1972-03-01,0.028505106778087277
1972-04-01,0.028216911764705883
1972-05-01,0.028505106778087277
1972-06-01,0.028425925925925924
1972-07-01,0.028638059701492535
1972-08-01,0.02774774774774775
1972-09-01,0.028153564899451554
1972-10-01,0.02828467153284672
1972-11-01,0.027193744569939185
1972-12-01,0.02680851063829787
1973-01-01,0.02668918918918919
1973-02-01,0.0276707530647986
1973-03-01,0.028202846975088965
1973-04-01,0.028921124206708976
1973-05-01,0.029850746268656716
1973-06-01,0.03072519083969466
1973-07-01,0.03062381852551985
1973-08-01,0.0313102119460501
1973-09-01,0.030965909090909093
1973-10-01,0.030145719489981786
1973-11-01,0.032745098039215687
1973-12-01,0.03566153196876978
1974-01-01,0.035376131515971285
1974-02-01,0.036597110754414124
1974-03-01,0.035303776683087026
1974-04-01,0.03742158771360589
1974-05-01,0.038808966209434595
1974-06-01,0.03897984185321305
1974-07-01,0.04450888916908334
1974-08-01,0.046823622254373275
1974-09-01,0.05270111567821491
1974-10-01,0.05169930875576037
1974-11-01,0.05018120992472819
1974-12-01,0.053675264648874316
1975-01-01,0.04988974641675854
1975-02-01,0.04556803995006242
1975-03-01,0.04380520410599188
1975-04-01,0.04343720491029273
1975-05-01,0.041065482796892344
1975-06-01,0.040151515151515146
1975-07-01,0.040112444588604176
1975-08-01,0.04328549760821375
1975-09-01,0.043817172552261724
1975-10-01,0.04177486733656995
1975-11-01,0.04096813589430443
1975-12-01,0.04148816234498309
1976-01-01,0.03799297955812513
1976-02-01,0.03667992047713718
1976-03-01,0.03649851632047478
1976-04-01,0.036408243375858684
1976-05-01,0.03695652173913044
1976-06-01,0.03693516699410609
1976-07-01,0.03637236084452975
1976-08-01,0.036979670861568247
1976-09-01,0.036492890995260666
1976-10-01,0.03846908734052993
1976-11-01,0.03932806324110672
1976-12-01,0.03868194842406877
1977-01-01,0.0394990366088632
1977-02-01,0.040990099009900985
1977-03-01,0.041650099403578535
1977-04-01,0.042907622412922765
1977-05-01,0.04353989469420818
1977-06-01,0.0439117735925068
1977-07-01,0.04401197604790419
1977-08-01,0.04552429667519182
1977-09-01,0.04676296373272368
1977-10-01,0.048645188820140815
1977-11-01,0.048896902842596526
1977-12-01,0.049776167128544026
1978-01-01,0.05218836565096953
1978-02-01,0.053495167453360304
1978-03-01,0.054041882458905656
1978-04-01,0.05220580304174307
1978-05-01,0.04999486705677036
1978-06-01,0.050276469383575675
1978-07-01,0.050931165757794016
1978-08-01,0.04793070259865255
1978-09-01,0.04831568816169393
1978-10-01,0.05009940357852883
1978-11-01,0.05332066307676064
1978-12-01,0.0527520549370513
1979-01-01,0.051248621000902626
1979-02-01,0.0525297770538532
1979-03-01,0.05194805194805195
1979-04-01,0.05142017629774731
1979-05-01,0.05304321668504963
1979-06-01,0.052507374631268436
1979-07-01,0.05258033106134372
1979-08-01,0.05074487895716946
1979-09-01,0.050736648250460405
1979-10-01,0.053205741626794256
1979-11-01,0.054001928640308575
1979-12-01,0.052411873840445274
1980-01-01,0.05139765554553652
1980-02-01,0.04986990459670425
1980-03-01,0.055396370582617
1980-04-01,0.05679611650485437
1980-05-01,0.054688950789229335
1980-06-01,0.0518324607329843
1980-07-01,0.049916527545909854
1980-08-01,0.04882591093117409
1980-09-01,0.04798418972332016
1980-10-01,0.04685099846390169
1980-11-01,0.045173176123802505
1980-12-01,0.04614232209737828
1981-01-01,0.04661654135338346
1981-02-01,0.048598130841121495
1981-03-01,0.047147147147147156
1981-04-01,0.04702380952380952
1981-05-01,0.04821564160971906
1981-06-01,0.04829931972789115
1981-07-01,0.04980635166537568
1981-08-01,0.05
1981-09-01,0.05511411665257819
1981-10-01,0.05475792988313856
1981-11-01,0.05362082994304312
1981-12-01,0.053554119547657514
1982-01-01,0.05677749360613811
1982-02-01,0.05842794759825328
1982-03-01,0.06064981949458484
1982-04-01,0.058039552880481515
1982-05-01,0.05824742268041237
1982-06-01,0.06207839562443026
1982-07-01,0.0623400365630713
1982-08-01,0.06235186873290793
1982-09-01,0.055964052287581695
1982-10-01,0.05169555388093445
1982-11-01,0.0496741491672701
1982-12-01,0.04928263988522238
1983-01-01,0.04767844767844767
1983-02-01,0.04700272479564033
1983-03-01,0.04549045424621461
1983-04-01,0.04388078630310717
1983-05-01,0.04223034734917733
1983-06-01,0.04170673076923077
1983-07-01,0.04167664670658683
1983-08-01,0.042980295566502465
1983-09-01,0.041866028708133975
1983-10-01,0.04192009540846751
1983-11-01,0.0427360774818402
1983-12-01,0.043126520681265205
1984-01-01,0.04278846153846154
1984-02-01,0.045454545454545456
1984-03-01,0.04561626429479034
1984-04-01,0.04581218274111675
1984-05-01,0.04642401021711366
1984-06-01,0.047746570868713256
1984-07-01,0.048510919920582395
1984-08-01,0.04476885644768856
1984-09-01,0.044431065623118604
1984-10-01,0.045084951456310675
1984-11-01,0.0449789536981359
1984-12-01,0.045775075987841946
1985-01-01,0.044114219114219116
1985-02-01,0.04212271973466003
1985-03-01,0.04269788182831661
1985-04-01,0.04258028792912514
1985-05-01,0.041698215251487286
1985-06-01,0.04097406034939121
1985-07-01,0.04036363636363636
1985-08-01,0.041476367498672326
1985-09-01,0.04258555133079848
1985-10-01,0.04221267454350162
1985-11-01,0.03989873417721519
1985-12-01,0.038109020742884706
1986-01-01,0.038136407300672436
1986-02-01,0.03637192342752963
1986-03-01,0.03452432199741713
1986-04-01,0.03382352941176471
1986-05-01,0.033836477987421384
1986-06-01,0.0330207908683245
1986-07-01,0.03388842631140716
1986-08-01,0.033428571428571426
1986-09-01,0.03453629878304658
1986-10-01,0.03475147430497051
1986-11-01,0.033700530395756836
1986-12-01,0.0333065164923572
1987-01-01,0.031379962192816635
1987-02-01,0.02961908152367391
1987-03-01,0.028512820512820513
1987-04-01,0.029035603180089874
1987-05-01,0.02926323071601522
1987-06-01,0.028268082282680823
1987-07-01,0.027636246372138018
1987-08-01,0.026138433515482697
1987-09-01,0.027172889865076877
1987-10-01,0.03108493932905068
1987-11-01,0.035755102040816326
1987-12-01,0.03655601659751038
1988-01-01,0.03536926147704591
1988-02-01,0.034482758620689655
1988-03-01,0.03368460669928491
1988-04-01,0.03442498095963442
1988-05-01,0.035689183912534166
1988-06-01,0.034096786110084966
1988-07-01,0.03459680416202155
1988-08-01,0.035570724307925676
1988-09-01,0.03529850746268657
1988-10-01,0.03442682047584716
1988-11-01,0.0355719557195572
1988-12-01,0.0352622061482821
1989-01-01,0.034372810091100214
1989-02-01,0.0336734693877551
1989-03-01,0.03419883840109327
1989-04-01,0.03337743962950711
1989-05-01,0.0324625676967187
1989-06-01,0.03203583565029348
1989-07-01,0.03139499849352215
1989-08-01,0.03043854587420658
1989-09-01,0.030895479412611577
1989-10-01,0.031088082901554407
1989-11-01,0.03209876543209877
1989-12-01,0.031726907630522085
1990-01-01,0.0327675971409242
1990-02-01,0.03398396126494175
1990-03-01,0.03344560657093896
1990-04-01,0.033828138860961615
1990-05-01,0.03297644539614561
1990-06-01,0.032353838896750746
1990-07-01,0.03258061828180985
1990-08-01,0.03561602418745276
1990-09-01,0.03750673726261057
1990-10-01,0.03884475123730138
1990-11-01,0.03809191537949189
1990-12-01,0.03677566539923954
1991-01-01,0.03720544409966512
1991-02-01,0.03342902887428918
1991-03-01,0.03252927903728377
1991-04-01,0.03194795617361989
1991-05-01,0.0321172517791476
1991-06-01,0.032118216183351395
1991-07-01,0.032059542908239744
1991-08-01,0.03143297380585516
1991-09-01,0.03171487603305785
1991-10-01,0.03166356492969396
1991-11-01,0.03169050580431178
1991-12-01,0.03140202311394816
1992-01-01,0.029417419726975584
1992-02-01,0.029765367461702538
1992-03-01,0.030243519245875882
1992-04-01,0.03023980756486095
1992-05-01,0.02970034473614426
1992-06-01,0.030176108947510227
1992-07-01,0.029731357667750872
1992-08-01,0.0295982580814969
1992-09-01,0.029631045689160772
1992-10-01,0.03003636363636364
1992-11-01,0.02927821398164791
1992-12-01,0.02844091451657332
1993-01-01,0.02851365944443168
1993-02-01,0.028186551958342767
1993-03-01,0.027723476097387595
1993-04-01,0.028189040353886433
1993-05-01,0.028096574957888826
1993-06-01,0.02794268624737758
1993-07-01,0.027990788973596546
1993-08-01,0.02756919824719794
1993-09-01,0.02726243358592457
1993-10-01,0.027031687863763743
1993-11-01,0.027133876298904708
1993-12-01,0.026998605000536538
1994-01-01,0.026681325186578994
1994-02-01,0.026867127528733197
1994-03-01,0.027403462624781702
1994-04-01,0.02850882096460434
1994-05-01,0.028387669106231982
1994-06-01,0.028230327814787945
1994-07-01,0.02851129818342933
1994-08-01,0.027787351369981044
1994-09-01,0.027668322768545486
1994-10-01,0.028050279209158924
1994-11-01,0.028415869503915316
1994-12-01,0.028932973044223292
1995-01-01,0.02832885545405696
1995-02-01,0.027348937583001328
1995-03-01,0.026705870424820036
1995-04-01,0.02606761040341793
1995-05-01,0.025409976900021003
1995-06-01,0.02477055715212756
1995-07-01,0.024113246138112922
1995-08-01,0.024163402550482015
1995-09-01,0.023463552015481108
1995-10-01,0.023416592328278325
1995-11-01,0.023038302016691017
1995-12-01,0.022438452902029057
1996-01-01,0.022606685980274082
1996-02-01,0.021553714936724453
1996-03-01,0.02179053270898048
1996-04-01,0.021879877002951312
1996-05-01,0.021490253013323656
1996-06-01,0.021346297681376216
1996-07-01,0.022357818249569145
1996-08-01,0.021926118186756806
1996-09-01,0.021722380275011853
1996-10-01,0.02101331508567844
1996-11-01,0.020144901926135363
1996-12-01,0.02004709048099563
1997-01-01,0.019511367492365116
1997-02-01,0.01880033567554704
1997-03-01,0.01901131084629368
1997-04-01,0.019753118741245926
1997-05-01,0.018161303100505347
1997-06-01,0.017300208834974722
1997-07-01,0.01644889710253002
1997-08-01,0.01646822829041025
1997-09-01,0.01636037651277454
1997-10-01,0.016180243071617816
1997-11-01,0.01644442551016061
1997-12-01,0.016106071469393267
1998-01-01,0.016141421690749044
1998-02-01,0.01523824408541231
1998-03-01,0.014524112441146701
1998-04-01,0.014161122100341664
1998-05-01,0.014299633712852528
1998-06-01,0.014390241701928019
1998-07-01,0.01385118193294022
1998-08-01,0.014963428933018183
1998-09-01,0.015813607148455873
1998-10-01,0.015661472004029175
1998-11-01,0.014138042518983249
1998-12-01,0.013612873408680308
1999-01-01,0.013036828238987164
1999-02-01,0.013131928957628072
1999-03-01,0.012834917216734546
1999-04-01,0.012324312985105937
1999-05-01,0.012349200867822261
1999-06-01,0.012438093077766436
1999-07-01,0.011955191565471148
1999-08-01,0.012489736269199766
1999-09-01,0.012623561452619919
1999-10-01,0.01281528603626126
1999-11-01,0.011984184040258809
1999-12-01,0.01168211215947588
2000-01-01,0.01172146269263954
2000-02-01,0.012052963920309316
2000-03-01,0.011621053799377345
2000-04-01,0.011455082936442765
2000-05-01,0.011787265241667136
2000-06-01,0.011423021149689457
2000-07-01,0.011255940257976917
2000-08-01,0.01108747458699662
2000-09-01,0.01113722284663329
2000-10-01,0.01173982476585092
2000-11-01,0.011828393950828714
2000-12-01,0.01222453472383972
2001-01-01,0.012106646301745244
2001-02-01,0.012307103197396132
2001-03-01,0.013467133279925794
2001-04-01,0.013346332279970417
2001-05-01,0.012421577965474625
2001-06-01,0.012666402951457564
2001-07-01,0.013043297770766741
2001-08-01,0.013338990241832839
2001-09-01,0.015067391637310459
2001-10-01,0.014620236115884415
2001-11-01,0.013933149210395865
2001-12-01,0.013747565353340378
2002-01-01,0.013804474614325431
2002-02-01,0.014291295301952446
2002-03-01,0.013633330155400898
2002-04-01,0.014236507693829647
2002-05-01,0.014769515867500579
2002-06-01,0.01581822843730893
2002-07-01,0.017662878075233236
2002-08-01,0.017401786203495702
2002-09-01,0.018206750325532088
2002-10-01,0.01859284134654763
2002-11-01,0.017561790467398593
2002-12-01,0.01787183878644988
2003-01-01,0.017994284693695302
2003-02-01,0.01931830400344074
2003-03-01,0.019158310005551422
2003-04-01,0.01820163365279822
2003-05-01,0.017297747766998592
2003-06-01,0.016366396761133606
2003-07-01,0.01643258709976424
2003-08-01,0.016624053843743998
2003-09-01,0.01627364043004002
2003-10-01,0.016231359448557373
2003-11-01,0.016306314887132106
2003-12-01,0.016092315664791235
2004-01-01,0.015540564405043622
2004-02-01,0.015576896165687098
2004-03-01,0.016032313742237406
2004-04-01,0.01606726900543517
2004-05-01,0.01669417290846769
2004-06-01,0.01642007133020234
2004-07-01,0.016991454537233802
2004-08-01,0.017420610869285726
2004-09-01,0.01714295939731224
2004-10-01,0.01723042221247572
2004-11-01,0.01655345868906873
2004-12-01,0.016210672025750286
2005-01-01,0.0166749900542572
2005-02-01,0.016646799429824194
2005-03-01,0.0169302870533099
2005-04-01,0.017570828645775187
2005-05-01,0.01756798044607394
2005-06-01,0.017409024745269286
2005-07-01,0.01727156695902605
2005-08-01,0.01738995483022536
2005-09-01,0.01751337770817019
2005-10-01,0.01822208798952985
2005-11-01,0.017755400567332328
2005-12-01,0.017605996497817078
2006-01-01,0.01752520078515402
2006-02-01,0.017694747973211137
2006-03-01,0.01760786556804304
2006-04-01,0.017662824362410436
2006-05-01,0.017999860466197937
2006-06-01,0.018704565222595497
2006-07-01,0.018774201739351234
2006-08-01,0.018552616245192867
2006-09-01,0.018288888551611093
2006-10-01,0.017867359063503938
2006-11-01,0.017729577140223527
2006-12-01,0.01756541138927719
2007-01-01,0.017610380856083584
2007-02-01,0.017504152823920267
2007-03-01,0.01811720388073492
2007-04-01,0.017572627148752424
2007-05-01,0.017165848299958972
2007-06-01,0.017283167898348294
2007-07-01,0.017386615462514222
2007-08-01,0.018362183938073175
2007-09-01,0.018021267500267182
2007-10-01,0.017685722821921723
2007-11-01,0.018778316101654376
2007-12-01,0.0187463663282
2008-01-01,0.020250079781832953
2008-02-01,0.020747377977222908
2008-03-01,0.021489209834920347
2008-04-01,0.02075200478667902
2008-05-01,0.0203603141346332
2008-06-01,0.021405405405405406
2008-07-01,0.022873867640158117
2008-08-01,0.022474189797654257
2008-09-01,0.023706808003615597
2008-10-01,0.029624277456647398
2008-11-01,0.032320166696865375
2008-12-01,0.03235106431469074
2009-01-01,0.032359804986251996
2009-02-01,0.03432559641344709
2009-03-01,0.0360043849801223
2009-04-01,0.03148028061074103
2009-05-01,0.028977959020844185
2009-06-01,0.027631408456787458
2009-07-01,0.026746596567716014
2009-08-01,0.02422429758450279
2009-09-01,0.02288066631563831
2009-10-01,0.021917089710207366
2009-11-01,0.021055630612001067
2009-12-01,0.02018227994020065
2010-01-01,0.019793873155449546
2010-02-01,0.020263322193249843
2010-03-01,0.01900959159758691
2010-04-01,0.018332609494537803
2010-05-01,0.01954562423337422
2010-06-01,0.02034411460640969
2010-07-01,0.020503796999444344
2010-08-01,0.020463909940401738
2010-09-01,0.019918365891915018
2010-10-01,0.01918776353300671
2010-11-01,0.018850770295857
2010-12-01,0.018308055383277087
2011-01-01,0.017900859178868255
2011-02-01,0.017560857454281216
2011-03-01,0.017961042246395144
2011-04-01,0.017821871409152017
2011-05-01,0.017962953276893994
2011-06-01,0.018907938382182726
2011-07-01,0.01857846799326889
2011-08-01,0.02100716268317993
2011-09-01,0.021450233413977577
2011-10-01,0.02120574543165289
2011-11-01,0.02120806901387779
2011-12-01,0.021257600617700996
2012-01-01,0.02056005782035707
2012-02-01,0.019992754105390798
2012-03-01,0.019687023120555123
2012-04-01,0.019957733170805594
2012-05-01,0.020875737174468972
2012-06-01,0.021398132196935354
2012-07-01,0.02113577196311168
2012-08-01,0.020784495350742813
2012-09-01,0.02049992379210486
2012-10-01,0.020962290133674594
2012-11-01,0.02201490129149307
2012-12-01,0.021971609165500706
2013-01-01,0.021305052688462577
2013-02-01,0.02104065965311345
2013-03-01,0.020705041816317715
2013-04-01,0.020691411472591837
2013-05-01,0.020050736657234856
2013-06-01,0.0205526418206416
2013-07-01,0.020165639906992352
2013-08-01,0.02037015969199265
2013-09-01,0.020389172401121404
2013-10-01,0.020115928210554468
2013-11-01,0.019506150689079023
2013-12-01,0.019355231278142253
2014-01-01,0.019425360521521544
2014-02-01,0.01971338000264166
2014-03-01,0.01944170172576629
2014-04-01,0.01963781875918595
2014-05-01,0.01957910221878853
2014-06-01,0.019197879913101092
2014-07-01,0.01913232983629821
2014-08-01,0.019433809322314723
2014-09-01,0.019310365587513735
2014-10-01,0.02003334589396419
2014-11-01,0.01913360755562294
2014-12-01,0.01919903420679852
2015-01-01,0.019672810105611928
2015-02-01,0.019378541926808185
2015-03-01,0.019620286635993446
2015-04-01,0.019628996687129446
2015-05-01,0.019617034574845874
2015-06-01,0.0198829127943257
2015-07-01,0.020055965694748202
2015-08-01,0.020712104202718802
2015-09-01,0.02186267299592164
2015-10-01,0.0211377857675535
2015-11-01,0.02071497918889562
2015-12-01,0.021123812120267954
2016-01-01,0.02269884290628583
2016-02-01,0.02295712080318417
2016-03-01,0.021701822498083535
2016-04-01,0.02123302851306166
2016-05-01,0.02143254823170584
2016-06-01,0.021335099261477336
2016-07-01,0.02077807250221043
2016-08-01,0.020654552154586704
2016-09-01,0.020869541036942284
2016-10-01,0.0211150619219606
2016-11-01,0.0210070254366071
2016-12-01,0.02034157827501636
2017-01-01,0.020187946130314008
2017-02-01,0.019807632054457038
2017-03-01,0.0195959135041955
2017-04-01,0.019776968689998346
2017-05-01,0.019596301166844094
2017-06-01,0.019400244043730665
2017-07-01,0.019371663746383605
2017-08-01,0.019481153968292746
2017-09-01,0.019323342051635883
2017-10-01,0.018936253421978883
2017-11-01,0.018769205855930535
2017-12-01,0.018364773264673426
2018-01-01,0.017667933185174563
2018-02-01,0.018350116074465097
2018-03-01,0.018499539361469898
2018-04-01,0.018966472341660292
2018-05-01,0.018752614298035528
2018-06-01,0.01851253471781001
2018-07-01,0.01841325296029553
2018-08-01,0.018157196744371582
2018-09-01,0.018038945373082888
2018-10-01,0.018959166529047267
2018-11-01,0.01956500185441553
2018-12-01,0.020936310768859233
2019-01-01,0.020767894331112723
2019-02-01,0.01979773926805718
2019-03-01,0.019593577700268903
2019-04-01,0.019050898822232935
2019-05-01,0.019511614139439734
2019-06-01,0.019403702896369418
2019-07-01,0.01884443495065268
2019-08-01,0.019616911130284728
2019-09-01,0.019187434611154332
2019-10-01,0.01933048547862766
2019-11-01,0.018647943573061935
2019-12-01,0.018333202172031163
2020-01-01,0.017903117564517113
2020-02-01,0.018042235858066524
2020-03-01,0.022462760001357267
2020-04-01,0.02158234310168792
2020-05-01,0.020430740986840754
2020-06-01,0.019222716819233026
2020-07-01,0.018518403052730684
2020-08-01,0.01743368389396499
2020-09-01,0.017486153699874017
2020-10-01,0.017158569046713663
2020-11-01,0.016475109819976953
2020-12-01,0.01577134259372015
2021-01-01,0.015304118616144976
2021-02-01,0.014896624890882545
2021-03-01,0.014737208190236056
2021-04-01,0.013935641532123693
2021-05-01,0.013865662151948845
2021-06-01,0.01365344733619756
2021-07-01,0.013367066097426272
2021-08-01,0.013198749048652847
2021-09-01,0.01332796465671212
2021-10-01,0.013370068890378438
2021-11-01,0.012859435358947935
2021-12-01,0.012920421753369682
2022-01-01,0.013319282350420437
2022-02-01,0.013852632338288273
2022-03-01,0.014112090579718394
2022-04-01,0.014266845808758226
2022-05-01,0.015676820877347564
2022-06-01,0.016419805332204825
2022-07-01,0.016476086028432434
2022-08-01,0.01560395906275249
2022-09-01,0.016963942532437177
2022-10-01,0.017672870734423852
2022-11-01,0.01694707580619223
2022-12-01,0.017104677970953743
2023-01-01,0.017004741633970095
2023-02-01,0.016614048160640053
2023-03-01,0.017187594492712722
2023-04-01,0.016591167714431986
2023-05-01,0.016530918896234356
2023-06-01,0.01581223233004324
2023-07-01,0.015285886674593175
2023-08-01,0.015504693361092666
2023-09-01,0.01571976140255381
2023-10-01,0.01631142549304352
2023-11-01,0.015688129756101933
2023-12-01,0.015005176038676214
2024-01-01,0.014635736697946888
2024-02-01,0.014096281694187505
2024-03-01,0.013696749101162928
2024-04-01,0.013928633601239318
2024-05-01,0.013674661858218265
2024-06-01,0.013292361785660204
2024-07-01,0.013082340195016251
2024-08-01,0.013312742665943804
2024-09-01,0.013057570722578212
2024-10-01,0.012754820175680902
2024-11-01,0.01253811181263828
2024-12-01,0.012449030180122478
2025-01-01,0.012587966927111205
2025-02-01,0.012537487435188758
2025-03-01,0.01339730259430892
2025-04-01,0.014256448458888163
2025-05-01,0.01324230930730418
2025-06-01,0.012827635386694748
2025-07-01,0.012344953545620584
2025-08-01,0.012186083523822154
2025-09-01,0.011919769381016462
2025-10-01,0.01170332957722223
2025-11-01,0.011744739937901375
2025-12-01,0.011603626425099555
2026-01-01,0.011516613942318793
2026-02-01,0.011616218027476822
2026-03-01,0.012077686710487166
2026-04-01,0.01158399944803874
2026-05-01,0.010901781438236504
2026-06-01,0.010876466269263346
